{"cameraMode":{"drawMode":0,"name":"Shaded","section":"Shading Mode"},"sceneLighting":false,"audioPlay":false,"sceneViewState":{"m_AlwaysRefresh":false,"showFog":true,"showSkybox":false,"showFlares":true,"showImageEffects":true,"showParticleSystems":true,"showVisualEffectGraphs":true,"m_FxEnabled":true},"in2DMode":false,"pivot":{"x":15.439713478088379,"y":0.9222915172576904,"z":-15.370063781738282},"rotation":{"x":-0.4039347767829895,"y":0.0021994931157678367,"z":-0.0009868907509371639,"w":-0.9147987365722656},"size":1.0784454345703126,"orthographic":true}